QS406EW - Household size,,,,,,,,,,
ONS Crown Copyright Reserved [from Nomis on 11 April 2020],,,,,,,,,,
Population :,All household spaces with at least one usual resident,,,,,,,,,
Units      :,Household spaces,,,,,,,,,
Date       :,2011,,,,,,,,,
Rural Urban:,Total,,,,,,,,,
,,,,,,,,,,
Area,mnemonic,All categories: Household size,1 person in household,2 people in household,3 people in household,4 people in household,5 people in household,6 people in household,7 people in household,8 or more people in household
,,,,,,,,,,
uacounty09:Darlington,E06000005,46670,15101,16657,7191,5352,1717,507,98,47
uacounty09:County Durham,E06000047,223803,70007,80984,36607,26074,7430,2118,404,179
uacounty09:Hartlepool,E06000001,40434,13392,13478,6629,4759,1526,469,107,74
uacounty09:Middlesbrough,E06000002,57203,17708,18554,9221,7220,2992,1084,239,185
uacounty09:Northumberland,E06000057,138534,41406,53502,20775,16422,4881,1232,226,90
uacounty09:Redcar and Cleveland,E06000003,59605,18735,21165,9738,7119,2132,557,117,42
uacounty09:Stockton-on-Tees,E06000004,79159,21986,27938,13583,10704,3700,925,203,120
uacounty09:Gateshead,E08000037,89154,29313,31486,14011,10277,2924,771,190,182
uacounty09:Newcastle upon Tyne,E08000021,117153,40337,36432,17610,13872,5344,2574,573,411
uacounty09:North Tyneside,E08000022,91295,30960,31879,14107,10722,2785,689,98,55
uacounty09:South Tyneside,E08000023,67167,23459,22431,10798,7492,2209,583,123,72
uacounty09:Sunderland,E08000024,119758,38096,40549,20372,14665,4294,1328,269,185
uacounty09:Blackburn with Darwen,E06000008,57353,17419,17082,8808,7307,3741,1957,595,444
uacounty09:Blackpool,E06000009,64367,24446,20833,9345,6399,2321,743,171,109
uacounty09:Cheshire East,E06000049,159441,47328,57990,25266,20969,5888,1589,276,135
uacounty09:Cheshire West and Chester,E06000050,141442,41841,51108,22381,18383,5617,1631,324,157
uacounty09:Halton,E06000006,53312,15833,17938,9272,7130,2289,663,128,59
uacounty09:Warrington,E06000007,85140,24534,29885,14347,11868,3388,893,142,83
uacounty09:Cumbria,E10000006,222042,71740,82130,31605,26121,7868,2014,389,175
uacounty09:Bolton,E08000001,116371,37091,37513,18430,14570,5373,2306,628,460
uacounty09:Bury,E08000002,78113,24263,26003,12647,9981,3454,1187,321,257
uacounty09:Manchester,E08000003,204969,72255,61144,31456,21743,10226,5375,1527,1243
uacounty09:Oldham,E08000004,89703,26790,28033,15000,11280,4681,2320,795,804
uacounty09:Rochdale,E08000005,87552,28183,27518,13687,10581,4447,2081,593,462
uacounty09:Salford,E08000006,103556,37751,33517,15597,10567,3908,1421,384,411
uacounty09:Stockport,E08000007,121979,38535,41329,18868,16015,5199,1509,352,172
uacounty09:Tameside,E08000008,94953,31037,30941,15765,11470,3805,1353,345,237
uacounty09:Trafford,E08000009,94484,28179,31108,15335,13262,4675,1416,302,207
uacounty09:Wigan,E08000010,136386,40053,47498,23861,17953,5283,1400,228,110
uacounty09:Lancashire,E10000017,496299,154167,174362,76454,60514,20765,7235,1685,1117
uacounty09:Knowsley,E08000011,61323,19041,18991,10794,8321,3070,893,145,68
uacounty09:Liverpool,E08000012,206515,80973,60213,30559,22422,8435,2851,704,358
uacounty09:Sefton,E08000014,117930,37820,39735,18512,14948,5054,1429,304,128
uacounty09:St. Helens,E08000013,75736,22694,26441,13094,9616,2988,706,144,53
uacounty09:Wirral,E08000015,140583,47329,46532,21818,16925,5796,1705,304,174
uacounty09:East Riding of Yorkshire,E06000011,143032,39276,57418,21535,18017,5105,1309,261,111
"uacounty09:Kingston upon Hull, City of",E06000010,112596,39788,35562,17174,13273,4540,1660,365,234
uacounty09:North East Lincolnshire,E06000012,69707,21793,25134,10699,8239,2748,837,194,63
uacounty09:North Lincolnshire,E06000013,70684,19420,26503,11570,8983,2924,971,205,108
uacounty09:York,E06000014,83552,25224,31228,12414,9977,3194,1152,267,96
uacounty09:North Yorkshire,E10000023,256594,74954,99465,37800,31256,9608,2764,506,241
uacounty09:Barnsley,E08000016,100734,29734,36871,16770,12530,3669,932,165,63
uacounty09:Doncaster,E08000017,126487,36104,45170,20979,16425,5569,1699,359,182
uacounty09:Rotherham,E08000018,108293,30902,38646,17826,14244,4506,1534,367,268
uacounty09:Sheffield,E08000019,229928,73315,77370,33761,28316,10429,4633,1156,948
uacounty09:Bradford,E08000032,199296,58934,60941,29949,25313,11834,7528,2355,2442
uacounty09:Calderdale,E08000033,88621,29023,30183,13197,10711,3548,1376,333,250
uacounty09:Kirklees,E08000034,173525,52553,58412,26257,22372,8076,3859,1103,893
uacounty09:Leeds,E08000035,320596,106739,108020,47243,37941,13176,5113,1311,1053
uacounty09:Wakefield,E08000036,140414,41640,50597,23340,17568,5293,1479,319,178
uacounty09:Derby,E06000015,102271,31578,33604,15537,13438,4983,2123,599,409
uacounty09:Leicester,E06000016,123125,36951,33618,19422,17970,8262,4422,1407,1073
uacounty09:Nottingham,E06000018,126131,45617,38283,18679,12803,6333,3108,789,519
uacounty09:Rutland,E06000017,15002,4111,6089,2217,1845,577,117,31,15
uacounty09:Derbyshire,E10000007,332637,96233,125403,52206,42347,12330,3200,617,301
uacounty09:Leicestershire,E10000018,267434,72496,98349,42179,37872,11980,3436,730,392
uacounty09:Lincolnshire,E10000019,306971,87130,121831,46343,36026,10964,3485,771,421
uacounty09:Northamptonshire,E10000021,287730,80100,104126,46075,39107,13174,3814,906,428
uacounty09:Nottinghamshire,E10000024,334303,94773,124469,53872,43328,13195,3561,734,371
"uacounty09:Herefordshire, County of",E06000019,78319,22540,29968,11451,9772,3317,978,196,97
uacounty09:Shropshire,E06000051,129674,37540,49377,19083,16308,5444,1497,296,129
uacounty09:Stoke-on-Trent,E06000021,107575,35357,35631,17258,12549,4452,1610,423,295
uacounty09:Telford and Wrekin,E06000020,66608,16793,23691,11579,9372,3666,1097,273,137
uacounty09:Staffordshire,E10000028,355263,98491,131081,57913,47742,14657,4090,851,438
uacounty09:Warwickshire,E10000031,231005,67054,83987,36098,30421,9673,2823,636,313
uacounty09:Birmingham,E08000025,410736,131200,115438,62424,50272,26367,15550,4806,4679
uacounty09:Coventry,E08000026,128592,40148,40638,20733,16646,6827,2558,617,425
uacounty09:Dudley,E08000027,129867,36652,45175,21746,17603,5877,1975,476,363
uacounty09:Sandwell,E08000028,121498,35935,35998,20756,16496,7177,3469,954,713
uacounty09:Solihull,E08000029,86056,25102,29037,13668,12583,4051,1213,267,135
uacounty09:Walsall,E08000030,107822,30771,35208,17410,14457,5958,2711,779,528
uacounty09:Wolverhampton,E08000031,102177,32876,31053,16224,13054,5708,2312,606,344
uacounty09:Worcestershire,E10000034,239717,67789,90409,36789,31330,9782,2730,567,321
uacounty09:Bedford,E06000055,63812,18396,21264,10534,8697,3236,1180,276,229
uacounty09:Central Bedfordshire,E06000056,104399,27030,37399,17957,15702,4747,1239,217,108
uacounty09:Luton,E06000032,74293,20319,20641,12413,10617,5292,3098,1004,909
uacounty09:Peterborough,E06000031,74023,21252,24505,11997,9868,3870,1706,455,370
uacounty09:Southend-on-Sea,E06000033,74678,24386,24848,11186,9501,3311,1076,236,134
uacounty09:Thurrock,E06000034,62353,16368,19584,11128,10184,3676,1054,246,113
uacounty09:Cambridgeshire,E10000003,251241,68780,91732,39226,35524,11551,3377,665,386
uacounty09:Essex,E10000012,581589,165217,206490,91273,82138,27123,7309,1397,642
uacounty09:Hertfordshire,E10000015,453817,128815,149100,73207,70454,23633,6679,1289,640
uacounty09:Norfolk,E10000020,372085,109134,146508,53939,43099,13825,4265,871,444
uacounty09:Suffolk,E10000029,310745,90013,118902,45188,38919,12953,3623,812,335
uacounty09:Camden,E09000007,97534,39531,28215,13085,10245,4095,1511,495,357
uacounty09:City of London,E09000001,4385,2472,1356,339,153,36,17,7,5
uacounty09:Hackney,E09000012,101690,35635,28827,16124,11336,5317,2645,808,998
uacounty09:Hammersmith and Fulham,E09000013,80590,30148,24049,11863,9029,3430,1422,364,285
uacounty09:Haringey,E09000014,101955,32524,29431,16563,12753,6454,2720,815,695
uacounty09:Islington,E09000019,93556,36240,30161,13394,8400,3388,1392,351,230
uacounty09:Kensington and Chelsea,E09000020,78536,36524,22823,8855,6348,2720,920,230,116
uacounty09:Lambeth,E09000022,130017,44691,39789,21164,14670,6211,2520,592,380
uacounty09:Lewisham,E09000023,116091,39680,34220,17931,14707,6253,2438,500,362
uacounty09:Newham,E09000025,101519,26536,22164,16502,15211,10089,6842,2167,2008
uacounty09:Southwark,E09000028,120422,40307,36090,20904,13688,5707,2681,670,375
uacounty09:Tower Hamlets,E09000030,101257,35047,30440,13223,10124,5575,4051,1493,1304
uacounty09:Wandsworth,E09000032,130493,42106,43894,19970,15575,5753,2307,506,382
uacounty09:Westminster,E09000033,105772,47893,31340,12507,8301,3580,1542,345,264
uacounty09:Barking and Dagenham,E09000002,69681,19215,18641,12616,10516,5414,2329,507,443
uacounty09:Barnet,E09000003,135916,37957,38861,23078,21249,9089,3926,997,759
uacounty09:Bexley,E09000004,92604,25789,28734,15633,14650,5523,1743,349,183
uacounty09:Brent,E09000005,110286,30616,26666,19007,16509,9124,5302,1565,1497
uacounty09:Bromley,E09000006,130862,40815,41993,21331,18166,6504,1592,314,147
uacounty09:Croydon,E09000008,145010,43043,43020,25094,20435,8706,3341,837,534
uacounty09:Ealing,E09000009,124082,35329,31666,21170,19108,9533,4811,1298,1167
uacounty09:Enfield,E09000010,119916,33359,33792,20930,19313,8215,3097,689,521
uacounty09:Greenwich,E09000011,101045,32370,28490,16256,13828,6166,2804,653,478
uacounty09:Harrow,E09000015,84268,19008,23449,14861,15376,6934,3235,820,585
uacounty09:Havering,E09000016,97199,28215,31228,16132,14344,5252,1532,320,176
uacounty09:Hillingdon,E09000017,100214,25290,29274,17348,16715,7337,2945,748,557
uacounty09:Hounslow,E09000018,94902,25985,26019,16929,14224,6999,3224,844,678
uacounty09:Kingston upon Thames,E09000021,63639,18198,19807,10964,9719,3516,1084,224,127
uacounty09:Merton,E09000024,78757,22294,23958,13311,11747,4818,1906,441,282
uacounty09:Redbridge,E09000026,99105,25228,25902,16873,16194,8660,4130,1137,981
uacounty09:Richmond upon Thames,E09000027,79835,26008,25479,12428,11198,3607,902,133,80
uacounty09:Sutton,E09000029,78174,23749,23697,13350,11593,4155,1272,242,116
uacounty09:Waltham Forest,E09000031,96861,28756,24330,16875,14428,7235,3536,935,766
uacounty09:Bracknell Forest,E06000036,45878,12707,15522,7648,7185,2074,576,115,51
uacounty09:Brighton and Hove,E06000043,121540,44294,39817,17285,13244,4822,1613,297,168
uacounty09:Isle of Wight,E06000046,61085,19957,23439,8333,6208,2182,746,147,73
uacounty09:Medway,E06000035,106209,29434,34837,18384,15493,5545,1908,388,220
uacounty09:Milton Keynes,E06000042,98584,25546,32859,17221,14896,5456,1837,477,292
uacounty09:Portsmouth,E06000044,85473,27471,27470,13514,10686,4422,1435,299,176
uacounty09:Reading,E06000038,62869,19237,20410,9955,8066,3189,1382,361,269
uacounty09:Slough,E06000039,50766,14447,12370,8563,7812,4160,2180,678,556
uacounty09:Southampton,E06000045,98254,33241,31029,14638,11705,4846,1920,530,345
uacounty09:West Berkshire,E06000037,62340,16123,22607,10190,9502,2875,822,154,67
uacounty09:Windsor and Maidenhead,E06000040,58349,16554,19740,9227,8683,2902,885,204,154
uacounty09:Wokingham,E06000041,60332,14084,21502,10094,10397,3172,826,171,86
uacounty09:Buckinghamshire,E10000002,200727,52065,70479,31471,30987,10805,3535,839,546
uacounty09:East Sussex,E10000011,231905,75991,85492,31728,25624,8963,3149,662,296
uacounty09:Hampshire,E10000014,545254,145623,204410,85066,76776,24164,6976,1525,714
uacounty09:Kent,E10000016,605638,174331,214222,94275,81350,28810,9622,1999,1029
uacounty09:Oxfordshire,E10000025,258855,70834,91583,41103,37781,12194,3942,878,540
uacounty09:Surrey,E10000030,455791,124431,156622,72413,71536,22844,6150,1203,592
uacounty09:West Sussex,E10000032,345614,106784,123540,50665,44912,14156,4320,815,422
uacounty09:Bath and North East Somerset,E06000022,73515,22535,26034,10483,9959,3327,908,183,86
uacounty09:Bournemouth,E06000028,82374,30390,27575,11034,8664,3163,1135,252,161
"uacounty09:Bristol, City of",E06000023,182747,61607,60565,26593,21192,7932,3326,872,660
uacounty09:Cornwall,E06000052,230389,69269,87823,33313,26863,9046,3146,604,325
uacounty09:Isles of Scilly,E06000053,989,336,378,122,114,32,4,1,2
uacounty09:North Somerset,E06000024,88227,27115,33000,12468,11081,3406,900,156,101
uacounty09:Plymouth,E06000026,109307,34317,38502,16644,12859,4667,1671,381,266
uacounty09:Poole,E06000029,63530,19134,23517,9589,7772,2492,745,183,98
uacounty09:South Gloucestershire,E06000025,107538,28554,38898,17056,16507,4961,1228,238,96
uacounty09:Swindon,E06000030,88360,26143,30472,14261,11989,3813,1176,316,190
uacounty09:Torbay,E06000027,59010,20192,21959,7953,5879,2108,689,149,81
uacounty09:Wiltshire,E06000054,194194,51845,74250,30011,26671,8556,2239,423,199
uacounty09:Devon,E10000008,322644,97945,124941,44313,37473,12779,3928,826,439
uacounty09:Dorset,E10000009,180213,53769,72193,24424,20517,6801,1976,365,168
uacounty09:Gloucestershire,E10000013,254615,75945,94118,36901,32783,10807,3044,671,346
uacounty09:Somerset,E10000027,226989,67537,86569,32602,27550,9216,2683,567,265
uacounty09:Isle of Anglesey,W06000001,30594,9888,10941,4380,3541,1365,369,75,35
uacounty09:Gwynedd,W06000002,52473,18548,17299,6990,5954,2535,844,195,108
uacounty09:Conwy,W06000003,51177,17297,18668,6881,5529,1977,636,127,62
uacounty09:Denbighshire,W06000004,40546,12714,14668,5783,4890,1722,565,150,54
uacounty09:Flintshire,W06000005,63781,17477,23014,10427,8845,2947,834,166,71
uacounty09:Wrexham,W06000006,57029,16817,19782,9421,7708,2383,687,156,75
uacounty09:Powys,W06000023,58345,18359,22160,7770,6562,2515,746,159,74
uacounty09:Ceredigion,W06000008,31562,10456,11257,4267,3413,1399,539,137,94
uacounty09:Pembrokeshire,W06000009,53122,16392,19972,7352,6153,2303,744,141,65
uacounty09:Carmarthenshire,W06000010,78829,23770,28636,12131,9558,3366,1047,211,110
uacounty09:Swansea,W06000011,103497,34485,34757,15533,12524,4308,1367,352,171
uacounty09:Neath Port Talbot,W06000012,60393,18259,20910,10326,7835,2317,583,120,43
uacounty09:Bridgend,W06000013,58515,16472,20919,10151,7791,2423,596,114,49
uacounty09:Vale of Glamorgan,W06000014,53505,15851,18868,8654,6988,2357,609,129,49
uacounty09:Cardiff,W06000015,142557,47141,45206,21363,17882,6828,2754,800,583
uacounty09:Rhondda Cynon Taff,W06000016,99663,29875,33674,17205,13365,4102,1153,198,91
uacounty09:Merthyr Tydfil,W06000024,24264,6559,8321,4454,3441,1074,309,80,26
uacounty09:Caerphilly,W06000018,74479,20196,26235,13195,10278,3440,878,171,86
uacounty09:Blaenau Gwent,W06000019,30416,9608,10185,5364,3716,1103,346,63,31
uacounty09:Torfaen,W06000020,38524,11163,13408,6547,5156,1641,469,75,65
uacounty09:Monmouthshire,W06000021,38233,10592,14388,5862,5084,1686,477,82,62
uacounty09:Newport,W06000022,61172,18849,20359,9596,8065,2920,1046,210,127
ualad09:Darlington,E06000005,46670,15101,16657,7191,5352,1717,507,98,47
ualad09:County Durham,E06000047,223803,70007,80984,36607,26074,7430,2118,404,179
ualad09:Hartlepool,E06000001,40434,13392,13478,6629,4759,1526,469,107,74
ualad09:Middlesbrough,E06000002,57203,17708,18554,9221,7220,2992,1084,239,185
ualad09:Northumberland,E06000057,138534,41406,53502,20775,16422,4881,1232,226,90
ualad09:Redcar and Cleveland,E06000003,59605,18735,21165,9738,7119,2132,557,117,42
ualad09:Stockton-on-Tees,E06000004,79159,21986,27938,13583,10704,3700,925,203,120
ualad09:Gateshead,E08000037,89154,29313,31486,14011,10277,2924,771,190,182
ualad09:Newcastle upon Tyne,E08000021,117153,40337,36432,17610,13872,5344,2574,573,411
ualad09:North Tyneside,E08000022,91295,30960,31879,14107,10722,2785,689,98,55
ualad09:South Tyneside,E08000023,67167,23459,22431,10798,7492,2209,583,123,72
ualad09:Sunderland,E08000024,119758,38096,40549,20372,14665,4294,1328,269,185
ualad09:Blackburn with Darwen,E06000008,57353,17419,17082,8808,7307,3741,1957,595,444
ualad09:Blackpool,E06000009,64367,24446,20833,9345,6399,2321,743,171,109
ualad09:Cheshire East,E06000049,159441,47328,57990,25266,20969,5888,1589,276,135
ualad09:Cheshire West and Chester,E06000050,141442,41841,51108,22381,18383,5617,1631,324,157
ualad09:Halton,E06000006,53312,15833,17938,9272,7130,2289,663,128,59
ualad09:Warrington,E06000007,85140,24534,29885,14347,11868,3388,893,142,83
ualad09:Allerdale,E07000026,42345,13169,15710,6196,5199,1579,390,62,40
ualad09:Barrow-in-Furness,E07000027,31224,10791,10657,4744,3611,1042,292,65,22
ualad09:Carlisle,E07000028,48342,16423,17028,6939,5709,1654,449,97,43
ualad09:Copeland,E07000029,30536,9308,11198,4640,3768,1236,305,61,20
ualad09:Eden,E07000030,23043,6958,9028,3122,2806,861,208,36,24
ualad09:South Lakeland,E07000031,46552,15091,18509,5964,5028,1496,370,68,26
ualad09:Bolton,E08000001,116371,37091,37513,18430,14570,5373,2306,628,460
ualad09:Bury,E08000002,78113,24263,26003,12647,9981,3454,1187,321,257
ualad09:Manchester,E08000003,204969,72255,61144,31456,21743,10226,5375,1527,1243
ualad09:Oldham,E08000004,89703,26790,28033,15000,11280,4681,2320,795,804
ualad09:Rochdale,E08000005,87552,28183,27518,13687,10581,4447,2081,593,462
ualad09:Salford,E08000006,103556,37751,33517,15597,10567,3908,1421,384,411
ualad09:Stockport,E08000007,121979,38535,41329,18868,16015,5199,1509,352,172
ualad09:Tameside,E08000008,94953,31037,30941,15765,11470,3805,1353,345,237
ualad09:Trafford,E08000009,94484,28179,31108,15335,13262,4675,1416,302,207
ualad09:Wigan,E08000010,136386,40053,47498,23861,17953,5283,1400,228,110
ualad09:Burnley,E07000117,37550,12506,12312,6028,4151,1572,668,190,123
ualad09:Chorley,E07000118,44919,12724,16445,7493,5942,1688,484,97,46
ualad09:Fylde,E07000119,34885,12328,12812,4816,3495,1080,271,54,29
ualad09:Hyndburn,E07000120,34341,11061,11449,5336,3990,1504,679,165,157
ualad09:Lancaster,E07000121,57822,18838,20790,8281,6734,2212,743,143,81
ualad09:Pendle,E07000122,37348,12088,12382,5399,4184,1775,981,282,257
ualad09:Preston,E07000123,57567,19835,17505,8486,7154,2929,1156,299,203
ualad09:Ribble Valley,E07000124,24045,6948,8773,3646,3336,1002,257,62,21
ualad09:Rossendale,E07000125,29058,8988,10046,4655,3507,1289,386,120,67
ualad09:South Ribble,E07000126,46102,12453,17059,7982,6145,1838,499,84,42
ualad09:West Lancashire,E07000127,45381,12226,16340,7415,6482,2147,618,98,55
ualad09:Wyre,E07000128,47281,14172,18449,6917,5394,1729,493,91,36
ualad09:Knowsley,E08000011,61323,19041,18991,10794,8321,3070,893,145,68
ualad09:Liverpool,E08000012,206515,80973,60213,30559,22422,8435,2851,704,358
ualad09:Sefton,E08000014,117930,37820,39735,18512,14948,5054,1429,304,128
ualad09:St. Helens,E08000013,75736,22694,26441,13094,9616,2988,706,144,53
ualad09:Wirral,E08000015,140583,47329,46532,21818,16925,5796,1705,304,174
ualad09:East Riding of Yorkshire,E06000011,143032,39276,57418,21535,18017,5105,1309,261,111
"ualad09:Kingston upon Hull, City of",E06000010,112596,39788,35562,17174,13273,4540,1660,365,234
ualad09:North East Lincolnshire,E06000012,69707,21793,25134,10699,8239,2748,837,194,63
ualad09:North Lincolnshire,E06000013,70684,19420,26503,11570,8983,2924,971,205,108
ualad09:York,E06000014,83552,25224,31228,12414,9977,3194,1152,267,96
ualad09:Craven,E07000163,24583,7651,9691,3329,2696,878,253,43,42
ualad09:Hambleton,E07000164,38117,10679,14896,5811,4819,1438,389,68,17
ualad09:Harrogate,E07000165,67169,19340,25628,10051,8750,2590,650,121,39
ualad09:Richmondshire,E07000166,20207,5239,8116,2996,2724,864,221,36,11
ualad09:Ryedale,E07000167,22524,6546,9149,3122,2553,834,255,45,20
ualad09:Scarborough,E07000168,49435,16966,18655,6616,4817,1600,586,115,80
ualad09:Selby,E07000169,34559,8533,13330,5875,4897,1404,410,78,32
ualad09:Barnsley,E08000016,100734,29734,36871,16770,12530,3669,932,165,63
ualad09:Doncaster,E08000017,126487,36104,45170,20979,16425,5569,1699,359,182
ualad09:Rotherham,E08000018,108293,30902,38646,17826,14244,4506,1534,367,268
ualad09:Sheffield,E08000019,229928,73315,77370,33761,28316,10429,4633,1156,948
ualad09:Bradford,E08000032,199296,58934,60941,29949,25313,11834,7528,2355,2442
ualad09:Calderdale,E08000033,88621,29023,30183,13197,10711,3548,1376,333,250
ualad09:Kirklees,E08000034,173525,52553,58412,26257,22372,8076,3859,1103,893
ualad09:Leeds,E08000035,320596,106739,108020,47243,37941,13176,5113,1311,1053
ualad09:Wakefield,E08000036,140414,41640,50597,23340,17568,5293,1479,319,178
ualad09:Derby,E06000015,102271,31578,33604,15537,13438,4983,2123,599,409
ualad09:Leicester,E06000016,123125,36951,33618,19422,17970,8262,4422,1407,1073
ualad09:Nottingham,E06000018,126131,45617,38283,18679,12803,6333,3108,789,519
ualad09:Rutland,E06000017,15002,4111,6089,2217,1845,577,117,31,15
ualad09:Amber Valley,E07000032,52596,14658,20280,8233,6802,1923,546,113,41
ualad09:Bolsover,E07000033,32801,9521,12197,5337,4021,1280,345,63,37
ualad09:Chesterfield,E07000034,46796,15412,16996,7097,5203,1559,396,83,50
ualad09:Derbyshire Dales,E07000035,30744,8899,12289,4173,3810,1218,292,37,26
ualad09:Erewash,E07000036,48692,14164,18141,8038,6139,1643,431,88,48
ualad09:High Peak,E07000037,38946,11362,14259,6043,5215,1582,379,73,33
ualad09:North East Derbyshire,E07000038,43070,12158,16643,6799,5570,1439,354,76,31
ualad09:South Derbyshire,E07000039,38992,10059,14598,6486,5587,1686,457,84,35
ualad09:Blaby,E07000129,38686,10095,14248,6322,5644,1755,465,99,58
ualad09:Charnwood,E07000130,66516,18658,23591,10518,9334,3085,975,228,127
ualad09:Harborough,E07000131,34898,8995,13099,5311,5303,1680,387,80,43
ualad09:Hinckley and Bosworth,E07000132,45377,12771,17340,7160,5896,1657,450,63,40
ualad09:Melton,E07000133,21490,5902,8314,3245,2901,835,226,45,22
ualad09:North West Leicestershire,E07000134,39128,10587,14422,6328,5478,1691,498,84,40
ualad09:Oadby and Wigston,E07000135,21339,5488,7335,3295,3316,1277,435,131,62
ualad09:Boston,E07000136,27291,7676,10297,4302,3342,1127,388,92,67
ualad09:East Lindsey,E07000137,60890,18179,25789,8197,5872,1956,655,159,83
ualad09:Lincoln,E07000138,39825,13696,13661,6086,4319,1381,503,106,73
ualad09:North Kesteven,E07000139,45972,12052,18789,7100,5876,1603,415,92,45
ualad09:South Holland,E07000140,37264,9441,15369,5695,4657,1380,534,135,53
ualad09:South Kesteven,E07000141,57344,15599,22439,9030,7425,2100,590,118,43
ualad09:West Lindsey,E07000142,38385,10487,15487,5933,4535,1417,400,69,57
ualad09:Corby,E07000150,25215,6696,8717,4690,3404,1244,340,93,31
ualad09:Daventry,E07000151,31647,7953,12207,5001,4526,1485,381,64,30
ualad09:East Northamptonshire,E07000152,35662,9134,13821,5562,5045,1542,417,94,47
ualad09:Kettering,E07000153,39701,11503,14375,6219,5294,1676,480,106,48
ualad09:Northampton,E07000154,88731,27048,30203,14010,11283,4210,1403,369,205
ualad09:South Northamptonshire,E07000155,34717,8264,13398,5528,5433,1626,366,72,30
ualad09:Wellingborough,E07000156,32057,9502,11405,5065,4122,1391,427,108,37
ualad09:Ashfield,E07000170,50931,14278,18853,8669,6429,1949,587,115,51
ualad09:Bassetlaw,E07000171,47667,13367,18100,7683,6051,1846,471,107,42
ualad09:Broxtowe,E07000172,46820,13083,17509,7643,6194,1803,443,93,52
ualad09:Gedling,E07000173,49349,14641,18186,7835,6123,1903,511,91,59
ualad09:Mansfield,E07000174,44928,13098,16302,7598,5570,1706,500,103,51
ualad09:Newark and Sherwood,E07000175,48773,13842,18563,7555,6113,2015,516,118,51
ualad09:Rushcliffe,E07000176,45835,12464,16956,6889,6848,1973,533,107,65
"ualad09:Herefordshire, County of",E06000019,78319,22540,29968,11451,9772,3317,978,196,97
ualad09:Shropshire,E06000051,129674,37540,49377,19083,16308,5444,1497,296,129
ualad09:Stoke-on-Trent,E06000021,107575,35357,35631,17258,12549,4452,1610,423,295
ualad09:Telford and Wrekin,E06000020,66608,16793,23691,11579,9372,3666,1097,273,137
ualad09:Cannock Chase,E07000192,40664,10940,14547,7095,5748,1712,498,88,36
ualad09:East Staffordshire,E07000193,47251,13823,16652,7561,6031,2115,737,204,128
ualad09:Lichfield,E07000194,41224,10024,16234,6754,5776,1811,479,95,51
ualad09:Newcastle-under-Lyme,E07000195,52574,16236,18512,8564,6513,2045,534,115,55
ualad09:South Staffordshire,E07000196,44458,11239,16981,7213,6581,1879,434,88,43
ualad09:Stafford,E07000197,55703,16236,20827,8638,7147,2126,591,94,44
ualad09:Staffordshire Moorlands,E07000198,41772,11747,16101,6497,5398,1521,391,80,37
ualad09:Tamworth,E07000199,31617,8246,11227,5591,4548,1448,426,87,44
ualad09:North Warwickshire,E07000218,25812,6776,9581,4338,3590,1149,284,65,29
ualad09:Nuneaton and Bedworth,E07000219,52711,15090,18326,9002,7034,2302,751,156,50
ualad09:Rugby,E07000220,41875,11784,15295,6727,5566,1887,464,102,50
ualad09:Stratford-on-Avon,E07000221,51928,14804,20139,7625,6764,1967,490,97,42
ualad09:Warwick,E07000222,58679,18600,20646,8406,7467,2368,834,216,142
ualad09:Birmingham,E08000025,410736,131200,115438,62424,50272,26367,15550,4806,4679
ualad09:Coventry,E08000026,128592,40148,40638,20733,16646,6827,2558,617,425
ualad09:Dudley,E08000027,129867,36652,45175,21746,17603,5877,1975,476,363
ualad09:Sandwell,E08000028,121498,35935,35998,20756,16496,7177,3469,954,713
ualad09:Solihull,E08000029,86056,25102,29037,13668,12583,4051,1213,267,135
ualad09:Walsall,E08000030,107822,30771,35208,17410,14457,5958,2711,779,528
ualad09:Wolverhampton,E08000031,102177,32876,31053,16224,13054,5708,2312,606,344
ualad09:Bromsgrove,E07000234,38290,10041,14422,6062,5686,1635,335,73,36
ualad09:Malvern Hills,E07000235,32212,9555,12754,4485,3754,1232,343,61,28
ualad09:Redditch,E07000236,34722,9282,12550,5709,4785,1647,526,134,89
ualad09:Worcester,E07000237,42042,13135,14583,6422,5341,1772,585,131,73
ualad09:Wychavon,E07000238,49466,12886,19811,7496,6697,1921,524,85,46
ualad09:Wyre Forest,E07000239,42985,12890,16289,6615,5067,1575,417,83,49
ualad09:Bedford,E06000055,63812,18396,21264,10534,8697,3236,1180,276,229
ualad09:Central Bedfordshire,E06000056,104399,27030,37399,17957,15702,4747,1239,217,108
ualad09:Luton,E06000032,74293,20319,20641,12413,10617,5292,3098,1004,909
ualad09:Peterborough,E06000031,74023,21252,24505,11997,9868,3870,1706,455,370
ualad09:Southend-on-Sea,E06000033,74678,24386,24848,11186,9501,3311,1076,236,134
ualad09:Thurrock,E06000034,62353,16368,19584,11128,10184,3676,1054,246,113
ualad09:Cambridge,E07000008,46714,15848,14791,7161,5721,2140,775,153,125
ualad09:East Cambridgeshire,E07000009,34614,8893,12958,5577,5103,1560,419,68,36
ualad09:Fenland,E07000010,40620,11576,15575,6137,4907,1675,560,121,69
ualad09:Huntingdonshire,E07000011,69333,17691,26076,11000,10238,3205,870,166,87
ualad09:South Cambridgeshire,E07000012,59960,14772,22332,9351,9555,2971,753,157,69
ualad09:Basildon,E07000066,72746,21480,24094,11812,10564,3461,969,235,131
ualad09:Braintree,E07000067,61043,16537,22087,9914,8726,2875,697,133,74
ualad09:Brentwood,E07000068,30646,8853,10458,4715,4738,1466,348,49,19
ualad09:Castle Point,E07000069,36440,9524,13588,5770,5170,1793,486,76,33
ualad09:Chelmsford,E07000070,69667,19138,24829,11029,10339,3315,827,139,51
ualad09:Colchester,E07000071,71634,20849,25631,11291,9661,3098,868,172,64
ualad09:Epping Forest,E07000072,51991,15285,17318,8406,7595,2519,681,120,67
ualad09:Harlow,E07000073,34620,10599,11168,5808,4828,1595,495,92,35
ualad09:Maldon,E07000074,25817,6923,9731,3941,3684,1161,310,53,14
ualad09:Rochford,E07000075,33564,8112,12425,5288,5465,1755,410,70,39
ualad09:Tendring,E07000076,62105,20545,23752,8243,6232,2279,770,201,83
ualad09:Uttlesford,E07000077,31316,7372,11409,5056,5136,1806,448,57,32
ualad09:Broxbourne,E07000095,37658,10070,12104,6551,6211,2029,551,111,31
ualad09:Dacorum,E07000096,59938,17275,20364,9520,8941,2885,715,159,79
ualad09:East Hertfordshire,E07000242,56577,15722,19415,8954,9026,2696,629,102,33
ualad09:Hertsmere,E07000098,39778,11148,12427,6598,6479,2289,660,112,65
ualad09:North Hertfordshire,E07000099,53426,15494,18605,8435,7688,2406,634,113,51
ualad09:St Albans,E07000240,56140,14988,18843,8609,9494,3115,838,154,99
ualad09:Stevenage,E07000243,34898,10455,11019,6115,4908,1705,547,103,46
ualad09:Three Rivers,E07000102,35108,9738,11341,5709,5747,1901,529,99,44
ualad09:Watford,E07000103,36681,11392,11029,5838,5226,2041,832,189,134
ualad09:Welwyn Hatfield,E07000241,43613,12533,13953,6878,6734,2566,744,147,58
ualad09:Breckland,E07000143,54519,14150,22132,8278,6765,2235,730,133,96
ualad09:Broadland,E07000144,53336,14087,21632,8111,6999,1948,446,84,29
ualad09:Great Yarmouth,E07000145,42079,12571,15664,6541,4846,1702,579,119,57
ualad09:King's Lynn and West Norfolk,E07000146,62977,17116,25580,9365,7336,2443,833,187,117
ualad09:North Norfolk,E07000147,46046,14320,19614,5796,4328,1390,455,95,48
ualad09:Norwich,E07000148,60319,23020,20223,8168,5929,2086,693,146,54
ualad09:South Norfolk,E07000149,52809,13870,21663,7680,6896,2021,529,107,43
ualad09:Babergh,E07000200,37522,10570,14748,5383,4764,1575,380,81,21
ualad09:Forest Heath,E07000201,25376,7238,9669,4082,3034,1013,263,54,23
ualad09:Ipswich,E07000202,57298,18507,19242,9036,6959,2438,838,176,102
ualad09:Mid Suffolk,E07000203,40306,10219,16364,5757,5599,1782,433,112,40
ualad09:St Edmundsbury,E07000204,45802,12089,17756,7094,6154,2005,558,115,31
ualad09:Suffolk Coastal,E07000205,53558,15645,21198,7024,6759,2221,523,132,56
ualad09:Waveney,E07000206,50883,15745,19925,6812,5650,1919,628,142,62
ualad09:Camden,E09000007,97534,39531,28215,13085,10245,4095,1511,495,357
ualad09:City of London,E09000001,4385,2472,1356,339,153,36,17,7,5
ualad09:Hackney,E09000012,101690,35635,28827,16124,11336,5317,2645,808,998
ualad09:Hammersmith and Fulham,E09000013,80590,30148,24049,11863,9029,3430,1422,364,285
ualad09:Haringey,E09000014,101955,32524,29431,16563,12753,6454,2720,815,695
ualad09:Islington,E09000019,93556,36240,30161,13394,8400,3388,1392,351,230
ualad09:Kensington and Chelsea,E09000020,78536,36524,22823,8855,6348,2720,920,230,116
ualad09:Lambeth,E09000022,130017,44691,39789,21164,14670,6211,2520,592,380
ualad09:Lewisham,E09000023,116091,39680,34220,17931,14707,6253,2438,500,362
ualad09:Newham,E09000025,101519,26536,22164,16502,15211,10089,6842,2167,2008
ualad09:Southwark,E09000028,120422,40307,36090,20904,13688,5707,2681,670,375
ualad09:Tower Hamlets,E09000030,101257,35047,30440,13223,10124,5575,4051,1493,1304
ualad09:Wandsworth,E09000032,130493,42106,43894,19970,15575,5753,2307,506,382
ualad09:Westminster,E09000033,105772,47893,31340,12507,8301,3580,1542,345,264
ualad09:Barking and Dagenham,E09000002,69681,19215,18641,12616,10516,5414,2329,507,443
ualad09:Barnet,E09000003,135916,37957,38861,23078,21249,9089,3926,997,759
ualad09:Bexley,E09000004,92604,25789,28734,15633,14650,5523,1743,349,183
ualad09:Brent,E09000005,110286,30616,26666,19007,16509,9124,5302,1565,1497
ualad09:Bromley,E09000006,130862,40815,41993,21331,18166,6504,1592,314,147
ualad09:Croydon,E09000008,145010,43043,43020,25094,20435,8706,3341,837,534
ualad09:Ealing,E09000009,124082,35329,31666,21170,19108,9533,4811,1298,1167
ualad09:Enfield,E09000010,119916,33359,33792,20930,19313,8215,3097,689,521
ualad09:Greenwich,E09000011,101045,32370,28490,16256,13828,6166,2804,653,478
ualad09:Harrow,E09000015,84268,19008,23449,14861,15376,6934,3235,820,585
ualad09:Havering,E09000016,97199,28215,31228,16132,14344,5252,1532,320,176
ualad09:Hillingdon,E09000017,100214,25290,29274,17348,16715,7337,2945,748,557
ualad09:Hounslow,E09000018,94902,25985,26019,16929,14224,6999,3224,844,678
ualad09:Kingston upon Thames,E09000021,63639,18198,19807,10964,9719,3516,1084,224,127
ualad09:Merton,E09000024,78757,22294,23958,13311,11747,4818,1906,441,282
ualad09:Redbridge,E09000026,99105,25228,25902,16873,16194,8660,4130,1137,981
ualad09:Richmond upon Thames,E09000027,79835,26008,25479,12428,11198,3607,902,133,80
ualad09:Sutton,E09000029,78174,23749,23697,13350,11593,4155,1272,242,116
ualad09:Waltham Forest,E09000031,96861,28756,24330,16875,14428,7235,3536,935,766
ualad09:Bracknell Forest,E06000036,45878,12707,15522,7648,7185,2074,576,115,51
ualad09:Brighton and Hove,E06000043,121540,44294,39817,17285,13244,4822,1613,297,168
ualad09:Isle of Wight,E06000046,61085,19957,23439,8333,6208,2182,746,147,73
ualad09:Medway,E06000035,106209,29434,34837,18384,15493,5545,1908,388,220
ualad09:Milton Keynes,E06000042,98584,25546,32859,17221,14896,5456,1837,477,292
ualad09:Portsmouth,E06000044,85473,27471,27470,13514,10686,4422,1435,299,176
ualad09:Reading,E06000038,62869,19237,20410,9955,8066,3189,1382,361,269
ualad09:Slough,E06000039,50766,14447,12370,8563,7812,4160,2180,678,556
ualad09:Southampton,E06000045,98254,33241,31029,14638,11705,4846,1920,530,345
ualad09:West Berkshire,E06000037,62340,16123,22607,10190,9502,2875,822,154,67
ualad09:Windsor and Maidenhead,E06000040,58349,16554,19740,9227,8683,2902,885,204,154
ualad09:Wokingham,E06000041,60332,14084,21502,10094,10397,3172,826,171,86
ualad09:Aylesbury Vale,E07000004,69406,17612,25130,11111,10545,3457,1155,248,148
ualad09:Chiltern,E07000005,36946,9179,13075,5858,6131,2040,517,85,61
ualad09:South Bucks,E07000006,26514,7136,8966,4176,4038,1507,465,138,88
ualad09:Wycombe,E07000007,67861,18138,23308,10326,10273,3801,1398,368,249
ualad09:Eastbourne,E07000061,45012,16298,15808,5959,4579,1634,552,121,61
ualad09:Hastings,E07000062,41159,15781,13369,5696,3890,1502,687,156,78
ualad09:Lewes,E07000063,42181,12744,15853,6074,5165,1723,482,106,34
ualad09:Rother,E07000064,40877,13889,15959,5065,3768,1396,610,137,53
ualad09:Wealden,E07000065,62676,17279,24503,8934,8222,2708,818,142,70
ualad09:Basingstoke and Deane,E07000084,69315,18298,25207,11407,10049,3173,930,160,91
ualad09:East Hampshire,E07000085,47258,12182,17858,7353,6906,2171,622,118,48
ualad09:Eastleigh,E07000086,52177,13934,19150,8428,7654,2229,586,136,60
ualad09:Fareham,E07000087,46579,11814,18320,7461,6507,1839,465,132,41
ualad09:Gosport,E07000088,35430,10566,12879,5516,4309,1543,450,114,53
ualad09:Hart,E07000089,35510,7961,12987,5929,6224,1854,461,57,37
ualad09:Havant,E07000090,51311,14675,19352,7797,6230,2209,770,192,86
ualad09:New Forest,E07000091,76839,22210,30783,10849,9194,2772,802,155,74
ualad09:Rushmoor,E07000092,36344,9291,11943,6269,5847,1987,690,202,115
ualad09:Test Valley,E07000093,47626,11855,18527,7344,7010,2123,579,129,59
ualad09:Winchester,E07000094,46865,12837,17404,6713,6846,2264,621,130,50
ualad09:Ashford,E07000105,47787,12242,17251,7824,6955,2512,757,167,79
ualad09:Canterbury,E07000106,60771,18085,21695,8932,7743,2998,1032,198,88
ualad09:Dartford,E07000107,40081,11643,13168,6498,5987,2014,602,111,58
ualad09:Dover,E07000108,48310,15276,17629,7234,5231,1840,769,204,127
ualad09:Gravesham,E07000109,40431,11131,13015,6732,5978,2332,909,202,132
ualad09:Maidstone,E07000110,63447,16452,23572,10266,9203,2860,856,160,78
ualad09:Sevenoaks,E07000111,47020,12697,16663,7188,7345,2340,636,101,50
ualad09:Folkestone and Hythe,E07000112,47379,15791,16985,6661,4881,1985,757,220,99
ualad09:Swale,E07000113,55585,15128,19815,9266,7531,2738,862,170,75
ualad09:Thanet,E07000114,59513,20646,20566,8516,6281,2312,861,204,127
ualad09:Tonbridge and Malling,E07000115,48140,11553,17521,7955,7748,2513,663,131,56
ualad09:Tunbridge Wells,E07000116,47174,13687,16342,7203,6467,2366,918,131,60
ualad09:Cherwell,E07000177,56728,14307,20587,9470,8549,2613,907,179,116
ualad09:Oxford,E07000178,55375,18316,16341,8555,7316,2980,1265,331,271
ualad09:South Oxfordshire,E07000179,54104,13734,19966,8390,8586,2576,652,136,64
ualad09:Vale of White Horse,E07000180,49407,13065,18258,7933,7177,2157,629,134,54
ualad09:West Oxfordshire,E07000181,43241,11412,16431,6755,6153,1868,489,98,35
ualad09:Elmbridge,E07000207,52922,14568,17450,8221,9102,2758,666,117,40
ualad09:Epsom and Ewell,E07000208,29784,7730,9843,4975,5168,1558,402,72,36
ualad09:Guildford,E07000209,53973,14422,18900,8678,8372,2715,686,144,56
ualad09:Mole Valley,E07000210,35828,10477,12732,5302,5139,1640,439,63,36
ualad09:Reigate and Banstead,E07000211,55423,15163,18958,8866,8777,2722,723,149,65
ualad09:Runnymede,E07000212,32714,9836,10892,5156,4705,1539,456,89,41
ualad09:Spelthorne,E07000213,39512,11262,13154,6677,5805,1936,501,123,54
ualad09:Surrey Heath,E07000214,33546,7867,11953,5533,5771,1762,511,107,42
ualad09:Tandridge,E07000215,33342,8909,11809,5118,5272,1641,476,87,30
ualad09:Waverley,E07000216,49280,13698,17801,7437,7145,2448,592,103,56
ualad09:Woking,E07000217,39467,10499,13130,6450,6280,2125,698,149,136
ualad09:Adur,E07000223,26957,8553,9709,4126,3291,922,250,76,30
ualad09:Arun,E07000224,66706,22020,25331,8942,7162,2293,717,159,82
ualad09:Chichester,E07000225,49848,15948,18859,6551,5836,1951,570,93,40
ualad09:Crawley,E07000226,42727,12129,13275,7275,6482,2398,882,180,106
ualad09:Horsham,E07000227,54923,15476,20234,8246,7898,2303,606,102,58
ualad09:Mid Sussex,E07000228,57409,15768,20325,9101,8678,2642,723,108,64
ualad09:Worthing,E07000229,47044,16890,15807,6424,5565,1647,572,97,42
ualad09:Bath and North East Somerset,E06000022,73515,22535,26034,10483,9959,3327,908,183,86
ualad09:Bournemouth,E06000028,82374,30390,27575,11034,8664,3163,1135,252,161
"ualad09:Bristol, City of",E06000023,182747,61607,60565,26593,21192,7932,3326,872,660
ualad09:Cornwall,E06000052,230389,69269,87823,33313,26863,9046,3146,604,325
ualad09:Isles of Scilly,E06000053,989,336,378,122,114,32,4,1,2
ualad09:North Somerset,E06000024,88227,27115,33000,12468,11081,3406,900,156,101
ualad09:Plymouth,E06000026,109307,34317,38502,16644,12859,4667,1671,381,266
ualad09:Poole,E06000029,63530,19134,23517,9589,7772,2492,745,183,98
ualad09:South Gloucestershire,E06000025,107538,28554,38898,17056,16507,4961,1228,238,96
ualad09:Swindon,E06000030,88360,26143,30472,14261,11989,3813,1176,316,190
ualad09:Torbay,E06000027,59010,20192,21959,7953,5879,2108,689,149,81
ualad09:Wiltshire,E06000054,194194,51845,74250,30011,26671,8556,2239,423,199
ualad09:East Devon,E07000040,59071,18269,24150,7479,6318,2110,598,95,52
ualad09:Exeter,E07000041,49242,16555,16572,7042,5922,2089,763,191,108
ualad09:Mid Devon,E07000042,32758,8995,12585,4895,4212,1509,409,101,52
ualad09:North Devon,E07000043,40001,11846,15343,5620,4746,1710,574,108,54
ualad09:South Hams,E07000044,36858,11242,14754,4887,4147,1331,387,74,36
ualad09:Teignbridge,E07000045,54003,16222,21121,7600,6300,1982,593,120,65
ualad09:Torridge,E07000046,27986,8402,11156,3746,3119,1099,344,81,39
ualad09:West Devon,E07000047,22725,6414,9260,3044,2709,949,260,56,33
ualad09:Christchurch,E07000048,21475,6856,8396,2703,2414,830,220,42,14
ualad09:East Dorset,E07000049,37564,9820,15987,5193,4648,1420,395,65,36
ualad09:North Dorset,E07000050,28670,8095,11492,4020,3485,1129,342,78,29
ualad09:Purbeck,E07000051,19583,5699,7825,2699,2296,775,227,39,23
ualad09:West Dorset,E07000052,44386,14161,17794,5733,4585,1563,437,77,36
ualad09:Weymouth and Portland,E07000053,28535,9138,10699,4076,3089,1084,355,64,30
ualad09:Cheltenham,E07000078,50929,17735,17716,6822,5921,1942,570,140,83
ualad09:Cotswold,E07000079,36236,10959,14134,4917,4395,1388,335,79,29
ualad09:Forest of Dean,E07000080,34167,9226,13393,5073,4390,1518,414,93,60
ualad09:Gloucester,E07000081,50363,14695,17072,8183,6971,2409,758,178,97
ualad09:Stroud,E07000082,47794,13472,18175,6771,6504,2133,571,118,50
ualad09:Tewkesbury,E07000083,35126,9858,13628,5135,4602,1417,396,63,27
ualad09:Mendip,E07000187,46157,13809,17069,6711,5835,2029,549,102,53
ualad09:Sedgemoor,E07000188,48801,13844,18714,7221,6107,2085,634,131,65
ualad09:South Somerset,E07000189,69501,20491,26957,9912,8346,2745,804,178,68
ualad09:Taunton Deane,E07000190,46907,14181,17397,6934,5858,1844,531,102,60
ualad09:West Somerset,E07000191,15623,5212,6432,1824,1404,513,165,54,19
ualad09:Isle of Anglesey,W06000001,30594,9888,10941,4380,3541,1365,369,75,35
ualad09:Gwynedd,W06000002,52473,18548,17299,6990,5954,2535,844,195,108
ualad09:Conwy,W06000003,51177,17297,18668,6881,5529,1977,636,127,62
ualad09:Denbighshire,W06000004,40546,12714,14668,5783,4890,1722,565,150,54
ualad09:Flintshire,W06000005,63781,17477,23014,10427,8845,2947,834,166,71
ualad09:Wrexham,W06000006,57029,16817,19782,9421,7708,2383,687,156,75
ualad09:Powys,W06000023,58345,18359,22160,7770,6562,2515,746,159,74
ualad09:Ceredigion,W06000008,31562,10456,11257,4267,3413,1399,539,137,94
ualad09:Pembrokeshire,W06000009,53122,16392,19972,7352,6153,2303,744,141,65
ualad09:Carmarthenshire,W06000010,78829,23770,28636,12131,9558,3366,1047,211,110
ualad09:Swansea,W06000011,103497,34485,34757,15533,12524,4308,1367,352,171
ualad09:Neath Port Talbot,W06000012,60393,18259,20910,10326,7835,2317,583,120,43
ualad09:Bridgend,W06000013,58515,16472,20919,10151,7791,2423,596,114,49
ualad09:Vale of Glamorgan,W06000014,53505,15851,18868,8654,6988,2357,609,129,49
ualad09:Cardiff,W06000015,142557,47141,45206,21363,17882,6828,2754,800,583
ualad09:Rhondda Cynon Taff,W06000016,99663,29875,33674,17205,13365,4102,1153,198,91
ualad09:Merthyr Tydfil,W06000024,24264,6559,8321,4454,3441,1074,309,80,26
ualad09:Caerphilly,W06000018,74479,20196,26235,13195,10278,3440,878,171,86
ualad09:Blaenau Gwent,W06000019,30416,9608,10185,5364,3716,1103,346,63,31
ualad09:Torfaen,W06000020,38524,11163,13408,6547,5156,1641,469,75,65
ualad09:Monmouthshire,W06000021,38233,10592,14388,5862,5084,1686,477,82,62
ualad09:Newport,W06000022,61172,18849,20359,9596,8065,2920,1046,210,127
,,,,,,,,,,
,,,,,,,,,,
,,,,,,,,,,
,"In order to protect against disclosure of personal information, records",,,,,,,,,
,have been swapped between different geographic areas. Some counts will,,,,,,,,,
,"be affected, particularly small counts at the lowest geographies",,,,,,,,,